round,train_loss,test_loss,accuracy,precision,recall,f1
3,2.136786910057068,2.0010203160345554,0.245,0.23627359436690054,0.25443826451009344,0.20626734979238695
4,1.8781217699050903,1.8603505827486515,0.32,0.3602804504989973,0.31657589008489595,0.2866049044237499
5,1.7702055320739747,1.7795704938471317,0.354,0.36663089220546186,0.3573732402480294,0.33119634629242817
