round,train_loss,test_loss,accuracy,precision,recall,f1
1,2.123988911628723,2.0165103301405907,0.257,0.20855456895281338,0.249764082180962,0.1969364127149002
2,1.8957969722747803,1.8243289180099964,0.328,0.34682258472611927,0.32753368036738556,0.3119327846095178
3,1.7720599756240845,1.7829231582581997,0.346,0.3557631143061018,0.3459963776949683,0.3272579454650598
4,1.6885987577438355,1.7193522490561008,0.36,0.3883696090789269,0.3595601113479439,0.340020702950998
5,1.6395293226242065,1.638545997440815,0.388,0.38259179893473905,0.3884221413951511,0.3723174334496685
