round,train_loss,test_loss,accuracy,precision,recall,f1
1,2.1403763189315796,1.9354851581156254,0.292,0.38174211342197095,0.30297653676976455,0.262299884439595
2,1.8996111907958984,1.755022555589676,0.367,0.385513442835607,0.3755758488107046,0.35490549913097647
3,1.7715618705749512,1.6977326609194279,0.379,0.38250913338367437,0.3855984040458278,0.3571867100589712
4,1.6824441614151,1.637292169034481,0.411,0.42945130532526193,0.4150909698991576,0.39687552547826993
5,1.6274678354263306,1.6055309921503067,0.431,0.44405586452414986,0.4412422954531866,0.4137864505301597
