round,train_loss,test_loss,accuracy,precision,recall,f1
3,2.151764539718628,1.9028990268707275,0.327,0.363162751238028,0.33485302497091773,0.31155624581224256
4,1.8877533988952637,1.7416948340833187,0.387,0.4068692045791735,0.3911797407846958,0.3709158912863858
5,1.7685904960632324,1.6953164488077164,0.404,0.42688980540319055,0.40177511527515514,0.3798730690878336
